{"Introduction": {"ANDRE": 3.8492860794067383}, "Using the knockback": {"ANDRE": 3.220987319946289}, "Bounce arrows???": {"ANDRE": 8.033471822738647}, "Piercing arrows???": {"ANDRE": 3.258899450302124}, "Be careful!": {"ANDRE": 2.3335111141204834}, "Fast arrows???": {"ANDRE": 2.8128738403320312}, "Tubes e shoots": {"ANDRE": 4.214412212371826}, "Reach the door!": {"ANDRE": 2.6145167350769043}, "Spikessss": {"ANDRE": 5.09070348739624}, "Rush this one...": {"ANDRE": 5.496905565261841}, "Spikes again!": {"ANDRE": 6.835314035415649}, "Your first quiz": {"ANDRE": 14.742299795150757}}